,img,txt,hid,lr,path,img_f1,txt_f1,mat_f1,indiv_img_f1s,indiv_txt_f1s
0,0.0,0.0,128.0,0.0001,img_0.0_txt_0.0_hid_128_lr_0.0001,0.09066496163682865,0.12535092644581697,0.7972594443182679,[0.10869565 0.         0.         0.2        0.23529412 0.        ],[0.46153846 0.17518248 0.         0.11538462 0.         0.        ]
1,0.0,0.2,128.0,0.0001,img_0.0_txt_0.2_hid_128_lr_0.0001,0.13742138364779874,0.5698343670368099,0.7879753985188904,[0.4245283 0.        0.        0.        0.        0.4      ],[0.92307692 0.68656716 0.57142857 0.         0.51612903 0.72180451]
2,0.0,0.4,128.0,0.0001,img_0.0_txt_0.4_hid_128_lr_0.0001,0.0889929143324892,0.9534933340856905,0.7730368589743589,[0.24096386 0.         0.         0.         0.         0.29299363],[0.97560976 0.94545455 0.95       0.93617021 0.93333333 0.98039216]
3,0.0,0.6,128.0,0.0001,img_0.0_txt_0.6_hid_128_lr_0.0001,0.04635182408795602,0.9377824407873289,0.7569474080582401,[0.26086957 0.         0.         0.         0.         0.01724138],[0.95934959 0.90566038 0.95       0.89795918 0.93333333 0.98039216]
4,0.0,0.8,128.0,0.0001,img_0.0_txt_0.8_hid_128_lr_0.0001,0.04119460500963391,0.9481502859499596,0.7348777348777349,[0.12716763 0.         0.         0.         0.         0.12      ],[0.96721311 0.90566038 0.95       0.89795918 0.97777778 0.99029126]
5,0.0,1.0,128.0,0.0001,img_0.0_txt_1.0_hid_128_lr_0.0001,0.0797884125401573,0.9481502859499596,0.4680533510222453,[0.13559322 0.         0.         0.         0.         0.34313725],[0.96721311 0.90566038 0.95       0.89795918 0.97777778 0.99029126]
6,0.2,0.0,128.0,0.0001,img_0.2_txt_0.0_hid_128_lr_0.0001,0.2847692503699638,0.11075959479755855,0.7879753985188904,[0.82269504 0.         0.         0.         0.35897436 0.52694611],[0.46783626 0.19672131 0.         0.         0.         0.        ]
7,0.2,0.2,128.0,0.0001,img_0.2_txt_0.2_hid_128_lr_0.0001,0.6365696053196054,0.836382039013618,0.7593158823675641,[0.7518797  0.68421053 0.42105263 0.6875     0.5        0.77477477],[0.92307692 0.87719298 0.73684211 0.68421053 0.86363636 0.93333333]
8,0.2,0.4,128.0,0.0001,img_0.2_txt_0.4_hid_128_lr_0.0001,0.6932999693828589,0.9377824407873289,0.7761975308641975,[0.81889764 0.79069767 0.46511628 0.65116279 0.55319149 0.88073394],[0.95934959 0.90566038 0.95       0.89795918 0.93333333 0.98039216]
9,0.2,0.6,128.0,0.0001,img_0.2_txt_0.6_hid_128_lr_0.0001,0.6852574625783171,0.9377824407873289,0.7935720395942809,[0.77777778 0.7804878  0.47619048 0.65116279 0.5        0.92592593],[0.95934959 0.90566038 0.95       0.89795918 0.93333333 0.98039216]
10,0.2,0.8,128.0,0.0001,img_0.2_txt_0.8_hid_128_lr_0.0001,0.6657604839832306,0.9451898481947363,0.48368485765629443,[0.76190476 0.74418605 0.46511628 0.63636364 0.48979592 0.89719626],[0.95934959 0.90566038 0.95       0.89795918 0.97777778 0.98039216]
11,0.33,0.33,128.0,0.0001,img_0.33_txt_0.33_hid_128_lr_0.0001,0.7434124516934181,0.9361986239144717,0.8049436858367387,[0.86363636 0.8372093  0.5        0.68292683 0.65217391 0.9245283 ],[0.95867769 0.88888889 0.92682927 0.89795918 0.95454545 0.99029126]
12,0.33,0.33,128.0,0.0005,img_0.33_txt_0.33_hid_128_lr_0.0005,0.754962573755492,0.9407428785425522,0.8339875737645255,[0.89393939 0.86363636 0.48780488 0.65116279 0.68085106 0.95238095],[0.96721311 0.90566038 0.95       0.89795918 0.93333333 0.99029126]
13,0.33,0.33,128.0,0.001,img_0.33_txt_0.33_hid_128_lr_0.001,0.8128028161769959,0.9401676066713334,0.82549095109742,[0.9375     0.86363636 0.68085106 0.71428571 0.72727273 0.95327103],[0.96666667 0.92592593 0.92682927 0.89795918 0.93333333 0.99029126]
14,0.33,0.33,256.0,0.0001,img_0.33_txt_0.33_hid_256_lr_0.0001,0.7561089177665502,0.9445499327065846,0.7996519246519246,[0.85074627 0.86363636 0.58536585 0.69767442 0.60465116 0.93457944],[0.95934959 0.92307692 0.95       0.89795918 0.95652174 0.98039216]
15,0.33,0.33,512.0,0.0001,img_0.33_txt_0.33_hid_512_lr_0.0001,0.7196862087795495,0.9329854936184566,0.8008142493638677,[0.85714286 0.79069767 0.53658537 0.68292683 0.53333333 0.91743119],[0.9516129  0.88461538 0.95       0.89795918 0.93333333 0.98039216]
16,0.4,0.0,128.0,0.0001,img_0.4_txt_0.0_hid_128_lr_0.0001,0.7359081046541042,0.10447316799775815,0.7946775640386724,[0.84848485 0.8372093  0.60465116 0.7027027  0.54166667 0.88073394],[0.41530055 0.21153846 0.         0.         0.         0.        ]
17,0.4,0.2,128.0,0.0001,img_0.4_txt_0.2_hid_128_lr_0.0001,0.7613318936804624,0.9499706242398162,0.7946775640386724,[0.88059701 0.86363636 0.55813953 0.7        0.62222222 0.94339623],[0.98360656 0.92592593 0.95       0.91666667 0.93333333 0.99029126]
18,0.4,0.4,128.0,0.0001,img_0.4_txt_0.4_hid_128_lr_0.0001,0.8208624684053731,0.9376734018780394,0.8043684710351378,[0.88721805 0.88372093 0.66666667 0.76923077 0.76595745 0.95238095],[0.95867769 0.90566038 0.92682927 0.89795918 0.95652174 0.98039216]
19,0.4,0.6,128.0,0.0001,img_0.4_txt_0.6_hid_128_lr_0.0001,0.7865195491468421,0.9392798799336436,0.5048076923076923,[0.89552239 0.85714286 0.58536585 0.71428571 0.72340426 0.94339623],[0.97520661 0.88888889 0.95       0.89795918 0.93333333 0.99029126]
20,0.6,0.0,128.0,0.0001,img_0.6_txt_0.0_hid_128_lr_0.0001,0.8337469224487224,0.09781051770002046,0.7965432098765433,[0.91044776 0.90909091 0.7826087  0.73684211 0.71111111 0.95238095],[0.36464088 0.22222222 0.         0.         0.         0.        ]
21,0.6,0.2,128.0,0.0001,img_0.6_txt_0.2_hid_128_lr_0.0001,0.8277395154887189,0.9405624406684127,0.8083063963169752,[0.92424242 0.88372093 0.73913043 0.71794872 0.73913043 0.96226415],[0.95934959 0.89285714 0.97560976 0.93617021 0.90909091 0.97029703]
22,0.6,0.4,128.0,0.0001,img_0.6_txt_0.4_hid_128_lr_0.0001,0.8156131858022967,0.9392798799336436,0.2536231884057971,[0.93129771 0.85714286 0.73170732 0.72727273 0.69387755 0.95238095],[0.97520661 0.88888889 0.95       0.89795918 0.93333333 0.99029126]
23,0.8,0.0,128.0,0.0001,img_0.8_txt_0.0_hid_128_lr_0.0001,0.8449213300542205,0.08878096693222744,0.7843036988336134,[0.92424242 0.88372093 0.81632653 0.74285714 0.75       0.95238095],[0.26737968 0.26530612 0.         0.         0.         0.        ]
24,0.8,0.2,128.0,0.0001,img_0.8_txt_0.2_hid_128_lr_0.0001,0.8263905661933708,0.933840458946431,0.27208480565371024,[0.93129771 0.88372093 0.77272727 0.7        0.70833333 0.96226415],[0.95934959 0.87272727 0.97560976 0.93617021 0.88888889 0.97029703]
25,1.0,0.0,128.0,0.0001,img_1.0_txt_0.0_hid_128_lr_0.0001,0.8445207925582269,0.06799999999999999,0.27208480565371024,[0.92424242 0.88372093 0.82608696 0.73684211 0.73469388 0.96153846],[0.408 0.    0.    0.    0.    0.   ]
